"driver_id","driver_name","experience_years","city"
1,"Ankit Sharma",12,"Delhi"
2,"Mohit Gupta",3,"Prayagraj"
3,"Ankit Agarwal",2,"Noida"
4,"Nitin Sharma",1,"Kanpur"
5,"Arjun Gupta",9,"Noida"
6,"Rahul Agarwal",4,"Prayagraj"
7,"Karan Tiwari",4,"Agra"
8,"Yash Mishra",13,"Kanpur"
9,"Rohit Tiwari",6,"Delhi"
10,"Saurabh Gupta",13,"Delhi"
11,"Ankit Verma",7,"Kanpur"
12,"Abhishek Yadav",10,"Delhi"
13,"Amit Pandey",9,"Kanpur"
14,"Shubham Verma",9,"Delhi"
15,"Varun Yadav",10,"Lucknow"
16,"Vikas Sharma",11,"Lucknow"
17,"Manish Verma",14,"Lucknow"
18,"Ankit Tiwari",5,"Agra"
19,"Abhishek Singh",6,"Delhi"
20,"Arjun Mishra",12,"Prayagraj"
21,"Vikas Jain",11,"Lucknow"
22,"Karan Gupta",3,"Agra"
23,"Shubham Mishra",15,"Prayagraj"
24,"Karan Gupta",11,"Delhi"
25,"Amit Gupta",14,"Kanpur"
26,"Vivek Tiwari",5,"Kanpur"
27,"Arjun Jain",15,"Prayagraj"
28,"Vivek Gupta",11,"Agra"
29,"Shubham Pandey",3,"Delhi"
30,"Saurabh Gupta",12,"Noida"
31,"Karan Mishra",12,"Noida"
32,"Nitin Jain",7,"Delhi"
33,"Mohit Singh",9,"Agra"
34,"Vikas Sharma",14,"Kanpur"
35,"Saurabh Singh",13,"Prayagraj"
36,"Nitin Jain",2,"Agra"
37,"Shubham Jain",8,"Noida"
38,"Deepak Agarwal",14,"Kanpur"
39,"Ankit Agarwal",13,"Delhi"
40,"Vivek Verma",5,"Agra"
41,"Rohit Pandey",1,"Prayagraj"
42,"Deepak Agarwal",13,"Lucknow"
43,"Ayush Verma",14,"Prayagraj"
44,"Manish Agarwal",10,"Lucknow"
45,"Saurabh Yadav",13,"Lucknow"
46,"Karan Agarwal",15,"Kanpur"
47,"Varun Yadav",8,"Kanpur"
48,"Ankit Yadav",15,"Delhi"
49,"Mohit Sharma",4,"Noida"
50,"Vikas Verma",12,"Agra"
51,"Vikas Agarwal",13,"Lucknow"
52,"Saurabh Pandey",9,"Lucknow"
53,"Deepak Agarwal",14,"Noida"
54,"Nitin Gupta",15,"Noida"
55,"Arjun Mishra",7,"Prayagraj"
56,"Abhishek Pandey",15,"Noida"
57,"Pankaj Verma",4,"Lucknow"
58,"Vikas Yadav",1,"Noida"
59,"Karan Gupta",10,"Lucknow"
60,"Rahul Verma",12,"Prayagraj"
61,"Amit Gupta",2,"Kanpur"
62,"Vivek Verma",9,"Lucknow"
63,"Deepak Pandey",4,"Noida"
64,"Saurabh Jain",10,"Agra"
65,"Mohit Pandey",13,"Agra"
66,"Arjun Verma",2,"Prayagraj"
67,"Nitin Yadav",7,"Agra"
68,"Pankaj Sharma",11,"Prayagraj"
69,"Ankit Sharma",7,"Prayagraj"
70,"Vivek Verma",4,"Lucknow"
71,"Arjun Agarwal",8,"Lucknow"
72,"Nitin Singh",5,"Agra"
73,"Mohit Verma",8,"Noida"
74,"Ankit Sharma",11,"Noida"
75,"Rahul Verma",15,"Lucknow"
76,"Rohit Tiwari",8,"Agra"
77,"Arjun Tiwari",15,"Kanpur"
78,"Rohit Tiwari",1,"Agra"
79,"Deepak Pandey",5,"Agra"
80,"Karan Pandey",3,"Lucknow"
81,"Manish Gupta",1,"Noida"
82,"Karan Sharma",12,"Delhi"
83,"Amit Sharma",10,"Agra"
84,"Ayush Agarwal",3,"Kanpur"
85,"Ayush Verma",14,"Lucknow"
86,"Vikas Jain",2,"Prayagraj"
87,"Mohit Tiwari",2,"Noida"
88,"Mohit Jain",10,"Kanpur"
89,"Varun Verma",7,"Prayagraj"
90,"Yash Jain",9,"Delhi"
91,"Deepak Gupta",11,"Prayagraj"
92,"Vivek Gupta",5,"Agra"
93,"Saurabh Mishra",8,"Delhi"
94,"Vikas Sharma",8,"Noida"
95,"Yash Verma",2,"Noida"
96,"Arjun Agarwal",5,"Lucknow"
97,"Abhishek Verma",15,"Lucknow"
98,"Abhishek Mishra",3,"Agra"
99,"Karan Mishra",10,"Prayagraj"
100,"Ayush Sharma",11,"Noida"
101,"Manish Verma",15,"Lucknow"
102,"Deepak Verma",15,"Kanpur"
103,"Karan Singh",5,"Delhi"
104,"Varun Gupta",12,"Delhi"
105,"Arjun Mishra",9,"Agra"
106,"Deepak Sharma",2,"Prayagraj"
107,"Nitin Mishra",1,"Kanpur"
108,"Vivek Singh",11,"Delhi"
109,"Rohit Pandey",9,"Prayagraj"
110,"Nitin Agarwal",1,"Kanpur"
111,"Vikas Singh",9,"Kanpur"
112,"Abhishek Jain",9,"Lucknow"
113,"Nitin Singh",1,"Delhi"
114,"Abhishek Sharma",15,"Delhi"
115,"Arjun Gupta",11,"Kanpur"
116,"Abhishek Agarwal",15,"Agra"
117,"Varun Singh",15,"Lucknow"
118,"Rohit Singh",15,"Agra"
119,"Rahul Singh",12,"Delhi"
120,"Nitin Gupta",5,"Lucknow"
121,"Ankit Tiwari",14,"Kanpur"
122,"Aditya Gupta",4,"Agra"
123,"Abhishek Mishra",14,"Lucknow"
124,"Mohit Sharma",11,"Lucknow"
125,"Shubham Yadav",5,"Kanpur"
126,"Deepak Yadav",11,"Noida"
127,"Shubham Agarwal",6,"Kanpur"
128,"Ankit Mishra",3,"Noida"
129,"Deepak Sharma",2,"Noida"
130,"Nitin Yadav",12,"Delhi"
131,"Nitin Jain",9,"Kanpur"
132,"Shubham Jain",4,"Delhi"
133,"Amit Tiwari",1,"Noida"
134,"Karan Gupta",6,"Agra"
135,"Vikas Yadav",10,"Delhi"
136,"Ankit Mishra",9,"Delhi"
137,"Nitin Yadav",7,"Prayagraj"
138,"Manish Agarwal",3,"Lucknow"
139,"Nitin Tiwari",11,"Prayagraj"
140,"Rohit Jain",10,"Delhi"
141,"Shubham Agarwal",14,"Kanpur"
142,"Manish Mishra",4,"Agra"
143,"Yash Jain",11,"Delhi"
144,"Pankaj Pandey",8,"Prayagraj"
145,"Arjun Agarwal",8,"Prayagraj"
146,"Rohit Verma",5,"Noida"
147,"Varun Yadav",2,"Lucknow"
148,"Manish Gupta",13,"Lucknow"
149,"Saurabh Sharma",1,"Lucknow"
150,"Aditya Jain",14,"Kanpur"
151,"Pankaj Tiwari",15,"Prayagraj"
152,"Yash Gupta",12,"Prayagraj"
153,"Shubham Pandey",7,"Lucknow"
154,"Saurabh Sharma",15,"Kanpur"
155,"Nitin Gupta",3,"Prayagraj"
156,"Ayush Pandey",1,"Noida"
157,"Mohit Verma",8,"Lucknow"
158,"Pankaj Agarwal",9,"Noida"
159,"Vivek Pandey",10,"Prayagraj"
160,"Ayush Tiwari",14,"Noida"
161,"Pankaj Singh",12,"Agra"
162,"Pankaj Mishra",13,"Lucknow"
163,"Deepak Agarwal",8,"Prayagraj"
164,"Mohit Mishra",8,"Kanpur"
165,"Manish Gupta",5,"Delhi"
166,"Vivek Agarwal",2,"Lucknow"
167,"Saurabh Gupta",7,"Prayagraj"
168,"Saurabh Gupta",2,"Agra"
169,"Nitin Yadav",9,"Agra"
170,"Nitin Sharma",4,"Agra"
171,"Shubham Jain",12,"Kanpur"
172,"Yash Tiwari",8,"Kanpur"
173,"Abhishek Mishra",13,"Agra"
174,"Nitin Agarwal",12,"Prayagraj"
175,"Karan Jain",15,"Lucknow"
176,"Aditya Gupta",5,"Agra"
177,"Aditya Sharma",7,"Delhi"
178,"Shubham Singh",14,"Agra"
179,"Saurabh Jain",9,"Kanpur"
180,"Shubham Jain",10,"Prayagraj"
181,"Rahul Verma",11,"Agra"
182,"Saurabh Pandey",3,"Kanpur"
183,"Deepak Tiwari",6,"Lucknow"
184,"Pankaj Yadav",6,"Agra"
185,"Deepak Tiwari",5,"Kanpur"
186,"Aditya Sharma",12,"Noida"
187,"Amit Yadav",4,"Prayagraj"
188,"Vikas Sharma",13,"Kanpur"
189,"Mohit Gupta",14,"Kanpur"
190,"Varun Singh",4,"Lucknow"
191,"Aditya Verma",10,"Lucknow"
192,"Pankaj Mishra",13,"Delhi"
193,"Rohit Jain",10,"Prayagraj"
194,"Ankit Singh",5,"Kanpur"
195,"Yash Sharma",15,"Delhi"
196,"Yash Tiwari",7,"Prayagraj"
197,"Arjun Verma",10,"Prayagraj"
198,"Mohit Verma",12,"Delhi"
199,"Varun Verma",13,"Noida"
200,"Amit Yadav",9,"Agra"
